{"cameraMode":{"drawMode":0,"name":"Shaded","section":"Shading Mode"},"sceneLighting":true,"audioPlay":false,"sceneViewState":{"showFog":true,"showMaterialUpdate":false,"showSkybox":true,"showFlares":true,"showImageEffects":true,"showParticleSystems":true},"in2DMode":false,"pivot":{"x":34.541587829589847,"y":2.794696807861328,"z":43.18525314331055},"rotation":{"x":0.20761901140213014,"y":-0.5037233233451843,"z":0.126152902841568,"w":0.8290009498596191},"size":66.84848022460938,"orthographic":false}